{
  "course_version" : 1,
  "summary" : "",
  "title" : "Novu Course Structured Paradigm",
  "programming_language_id" : "JavaScript",
  "language" : "en",
  "course_type" : "Marketplace",
  "items" : [
    {
      "id" : 197208085,
      "title" : "intro",
      "custom_name" : "Introduction to the Course",
      "task_list" : [
        {
          "id" : 1573808944,
          "name" : "intro",
          "custom_name" : "Welcome to the Course!",
          "files" : {
            "config.js" : {
              "name" : "config.js",
              "placeholders" : [ ],
              "is_visible" : false,
              "is_binary" : false
            },
            "runConfigurations/runner.run.xml" : {
              "name" : "runConfigurations/runner.run.xml",
              "placeholders" : [ ],
              "is_visible" : false,
              "is_binary" : false
            }
          },
          "description_text" : "Welcome! In this course, you'll dive into the world of open-source development by tackling a real-world issue in Storybook, \na popular UI development tool. Our main goal is to implement a new feature that allows users to disable the \"Edit\" and \n\"Remix\" functionalities for stories directly from the Controls panel. This will give developers more fine-grained control \nover their Storybook instances.\n\nBefore we jump into coding, let's understand the \"why.\" The GitHub issue [#28377](https://github.com/storybookjs/storybook/issues/28377) \ndescribes a need for disabling story editing and creation from the controls panel. Take a few minutes to read through the \nissue. What are the main motivations behind this feature request? Why would a developer want to disable these actions?\n\nPlease be aware that for research purposes, your progress, interactions, and code submissions within this course will be \nrecorded. This data will be used to improve future educational experiences. By proceeding with this course, you consent \nto this data collection.",
          "description_format" : "MD",
          "task_type" : "theory"
        }
      ],
      "type" : "lesson"
    },
    {
      "id" : 330876161,
      "title" : "theory",
      "custom_name" : "Theoretical Background",
      "task_list" : [
        {
          "id" : 912419356,
          "name" : "storybook_intro",
          "custom_name" : "Introduction to Storybook and its Architecture",
          "files" : {
            "task.js" : {
              "name" : "task.js",
              "placeholders" : [ ],
              "is_visible" : true,
              "is_binary" : false
            }
          },
          "description_text" : "Storybook is an open-source tool designed to streamline UI development, testing, and documentation. It operates by allowing \nyou to build and showcase UI components in an isolated environment, separate from your main application's business logic \nand context. This isolation helps you focus purely on the component's appearance, behavior, and variations.\n\n## Stories\nThe fundamental unit in Storybook is a \"story.\" A story captures a single, rendered state of a UI component. For example, \nif you have a `Button` component, you might have stories like \"Primary Button,\" \"Secondary Button,\" \"Button with Icon,\" or \n\"Disabled Button.\" Each story demonstrates how the component looks and behaves with a specific set of properties \n(or \"args\").\n\n## Addons\nStorybook's functionality can be extended through \"addons.\" These are plugins that provide extra features, panels, and \nintegrations. Examples include addons for accessibility testing, design previews, or managing component properties.\n\n### Control Addon\nThe \"Controls\" addon is one of Storybook's most powerful essentials. It can automatically generate a graphical interface \nthat allows you and your team to dynamically edit the arguments (props) passed to your components without touching code. \nThis interactive editing is invaluable for testing different component states, debugging, and demonstrating component \ncapabilities. Understanding how such addons are structured and configured is key to extending their functionality.\n\n## Additional Readings\nIf you want to learn more about Storybook, check out the following resources:\n- [Official Storybook Introduction](https://storybook.js.org/docs/)\n- [Storybook Controls](https://storybook.js.org/docs/essentials/controls)\\",
          "description_format" : "MD",
          "task_type" : "theory"
        },
        {
          "id" : 896389032,
          "name" : "storybook_parameters",
          "custom_name" : "Understanding Story Parameters",
          "files" : {
            "task.js" : {
              "name" : "task.js",
              "placeholders" : [ ],
              "is_visible" : true,
              "is_binary" : false
            }
          },
          "description_text" : "In Storybook, \"parameters\" are a powerful mechanism for statically configuring the behavior of your stories and various \naddons. Think of them as a set of metadata or instructions you provide alongside your story definitions. This metadata \nis not directly part of the component's props but rather tells Storybook and its addons how to treat or render the story, \nor how specific features of an addon should behave.\n\n## Scope\nParameters can be defined at different levels:\n- **Global Parameters:** Applied to all stories in your Storybook.\n- **Component-Level Parameters:** Applied to all stories associated with a specific component.\n- **Story-Level Parameters:** Applied only to a single, specific story\n\n## Usage\nParameters are typically defined within an exported `parameters` object in your story file or in a global configuration file. \nFor example, you might use parameters to set the background color for a story, define layout options, or enable/disable \nparticular functionalities within an addon for a specific story or component. This allows for fine-grained control over \nthe Storybook environment and its features.\n\nLink: [Storybook Parameters](https://storybook.js.org/docs/writing-stories/parameters)",
          "description_format" : "MD",
          "task_type" : "theory"
        },
        {
          "id" : 1685325312,
          "name" : "ts_basics",
          "custom_name" : "TypeScript Basics: Interfaces and Optional Properties",
          "files" : {
            "task.js" : {
              "name" : "task.js",
              "placeholders" : [ ],
              "is_visible" : true,
              "is_binary" : false
            }
          },
          "description_text" : "Many modern JavaScript projects, including parts of Storybook, use TypeScript. TypeScript is a superset of JavaScript \nthat adds static typing. Static typing helps catch errors early during development by allowing you to define the expected \ntypes of data, such as for variables, function parameters, and object properties.\n\n## Interfaces\nAn interface in TypeScript is a way to define a \"contract\" for the shape of an object. It specifies what properties an \nobject should have and what the types of those properties should be. This helps ensure that data structures are consistent \nthroughout your application. For instance, an interface for a configuration object might define various settings and their \nexpected types.\n```typescript\ninterface ComponentSettings {\n  isVisible: boolean;\n  title: string;\n}\n```\n\n## Optional Properties\nSometimes, an object property isn't mandatory; it might or might not be present depending on the specific use case or \nconfiguration. TypeScript allows you to define such properties using a question mark (`?`) after the property name in an \ninterface. This indicates that the property can be omitted when creating an object of that interface type.\n\n```typescript\ninterface UserPreferences {\n  theme: string;\n  notificationsEnabled?: boolean; // notificationsEnabled is optional\n  language?: string; // language is also optional\n}\n```\n\n## Additional Readings\n- [TypeScript Interfaces](https://www.typescriptlang.org/docs/handbook/interfaces.html)\n- [TypeScript Optional Properties](https://www.typescriptlang.org/docs/handbook/2/everyday-types.html#optional-properties)",
          "description_format" : "MD",
          "task_type" : "theory"
        },
        {
          "id" : 1450984544,
          "name" : "cond_rendering",
          "custom_name" : "Conditional Rendering in UI Components",
          "files" : {
            "task.js" : {
              "name" : "task.js",
              "placeholders" : [ ],
              "is_visible" : true,
              "is_binary" : false
            }
          },
          "description_text" : "Conditional rendering is a fundamental concept in building dynamic user interfaces. It refers to the practice of displaying \ndifferent UI elements or content, or altering their behavior, based on certain conditions or the current state of the \napplication. Essentially, you're instructing the system on how the UI should adapt to changing data or settings.\n\nIn JavaScript and UI libraries/frameworks, conditional rendering is typically achieved using standard JavaScript control \nflow statements or specific syntax provided by the UI library.\n- **`if/else` statements:** Can be used to decide which block of UI code to execute and render.\n- **Logical `&&` (AND) operator:** A common pattern for conditionally including an element is `condition && <Element />`. The \n`<Element />` will only be rendered if `condition` is true.\n- **Ternary operator (`condition ? expressionIfTrue : expressionIfFalse`):** This is a concise way to choose between two expressions\n(e.g., two different UI elements or sets of props) based on a condition.\n\nWhen developing UI features, you'll often need to show or hide elements, or enable/disable functionality, based on \nconfiguration parameters or application state. For example, an \"edit\" button might only be shown to users with \nadministrative privileges, or a set of advanced options might only become visible if a user explicitly enables them.\n\n[Conditional Rendering in React](https://react.dev/learn/conditional-rendering)",
          "description_format" : "MD",
          "task_type" : "theory"
        },
        {
          "id" : 500757603,
          "name" : "env_var",
          "custom_name" : "Environment Variables in JavaScript/TypeScript",
          "files" : {
            "task.js" : {
              "name" : "task.js",
              "placeholders" : [ ],
              "is_visible" : true,
              "is_binary" : false
            }
          },
          "description_text" : "Environment variables are values that are set outside of an application's code, existing within the environment where the \napplication runs (e.g., your operating system, a server, or during a build process). They are a standard way to configure \napplication behavior without altering its source code, making it adaptable to different deployment contexts like \ndevelopment, testing, or production.\n\n## Common Use Cases:\n- Storing sensitive information like API keys or database credentials, rather than hardcoding them.\n- Defining the application's operational mode, often through a variable like `NODE_ENV` (e.g., `'development'` or `'production'`).\n- Specifying external service URLs, ports, or feature flags that might vary between environments.\n\n## Accessing Environment Variables\nIn Node.js environments, which are relevant for Storybook's tooling and development server, environment variables are \ntypically accessible through the `process.env` object. For example, `process.env.API_URL` would retrieve the value of the \n`API_URL` environment variable.\n\n## Additional Readings\n- [Node.js Environment Variables](https://nodejs.org/en/learn/command-line/how-to-read-environment-variables-from-nodejs)\n- [Storybook Environment Variables](https://storybook.js.org/docs/configure/environment-variables)",
          "description_format" : "MD",
          "task_type" : "theory"
        }
      ],
      "type" : "lesson"
    },
    {
      "id" : 572593722,
      "title" : "coding",
      "custom_name" : "Solve the Issue",
      "task_list" : [
        {
          "id" : 14879016,
          "name" : "step1",
          "custom_name" : "Enabling Configuration for Disabling Control Actions",
          "files" : {
            "task.js" : {
              "name" : "task.js",
              "placeholders" : [ ],
              "is_visible" : true,
              "is_binary" : false
            },
            "test/test.js" : {
              "name" : "test/test.js",
              "placeholders" : [ ],
              "is_visible" : false,
              "is_binary" : false
            }
          },
          "description_text" : "Your first goal is to enable Storybook to recognize a new configuration option. This option will eventually be used to \nsignal whether certain interactive actions in the Controls panel should be disabled. Think about how Storybook manages \nconfigurations for its features, especially for addons. You'll need to define this new option within the existing system \nfor control parameters, ensuring it's properly typed for boolean values and can be optionally provided.\n\n<div class=\"hint\">\n\n  Look for TypeScript files where types or interfaces for Storybook's control parameters are defined.\n\n</div>\n\n<div class=\"hint\">\n\n  Consider how to add a new, optional boolean property to an existing interface.\n\n</div>\n\n<div class=\"hint\">\n\n  What name would be clear for an option that disables actions?\n\n</div>\n\n<div class=\"hint\">\n\n  In the ControlsParameters interface, add a new property:\n  ```typescript\n    disableActions?: boolean;\n  ```\n\n</div>\n\n\n",
          "description_format" : "MD",
          "task_type" : "edu"
        },
        {
          "id" : 491403774,
          "name" : "step2",
          "custom_name" : "Defining the Effective \"Disable Actions\" State",
          "files" : {
            "task.js" : {
              "name" : "task.js",
              "placeholders" : [ ],
              "is_visible" : true,
              "is_binary" : false
            },
            "test/test.js" : {
              "name" : "test/test.js",
              "placeholders" : [ ],
              "is_visible" : false,
              "is_binary" : false
            }
          },
          "description_text" : "The `ControlsPanel` component needs to determine the effective state for disabling actions. This involves two steps:\n\n1. Retrieve the value of the `disableActions` parameter you defined earlier for the current story.\n2. Based on this retrieved parameter, and also considering specific runtime conditions (like whether Storybook is in \n\"development\" mode and if the story has pre-configured values), define a local boolean variable (e.g., \n`disableActionsEffective`) that will represent the final state for whether actions should be disabled. This variable will \nthen be used by other parts of the component or hooks it calls to determine visibility/behavior of UI elements.\n\n<div class=\"hint\">\n\n  How does the `ControlsPanel` access story-specific parameters? Look for a relevant hook.\n\n</div>\n\n<div class=\"hint\">\n\n  The logic for the effective disable state should ensure actions might remain enabled in development if a story has \n  configured values, even if the `disableActions` parameter from the user is true.\n\n</div>\n\n<div class=\"hint\">\n\n  This task focuses on correctly setting up this boolean variable based on all conditions.\n\n</div>\n\n<div class=\"hint\">\n\n  First, retrieve the parameter: \n  ```typescript\n    const { /* other params */, disableActions: disableActionsParam } = useControlsParameters();\n  ```\n\n  Then, define the effective state: \n  ```typescript\n    const disableActions = // This is the 'disableActionsEffective' state \n        (global.CONFIG_TYPE === 'DEVELOPMENT' && isStoryReady && hasStoryConfiguredValue) \n          ? false\n          : disableActionsParam || (hasStoryConfiguredValue && !isStoryReady);\n  ```\n  \n</div>\n\n",
          "description_format" : "MD",
          "task_type" : "edu"
        },
        {
          "id" : 73315012,
          "name" : "step3",
          "custom_name" : "Conditionally Rendering Story Saving UI",
          "files" : {
            "task.js" : {
              "name" : "task.js",
              "placeholders" : [ ],
              "is_visible" : true,
              "is_binary" : false
            },
            "test/test.js" : {
              "name" : "test/test.js",
              "placeholders" : [ ],
              "is_visible" : false,
              "is_binary" : false
            }
          },
          "description_text" : "One area where story modifications can be initiated is through UI specifically designed for saving or creating stories, \noften visible in development mode. This UI, potentially represented by a `<SaveStory />` component, should also respect \nthe `disableActions` state you defined in the previous step. Modify its rendering logic so that it only appears if actions \nare not disabled.\n\n<div class=\"hint\">\n\n  Look for a component like `<SaveStory />` or similar UI related to persisting story changes, often rendered conditionally \n  based on development mode and whether there are updated arguments.\n\n</div>\n\n<div class=\"hint\">\n\n  You need to add an _additional_ condition to its rendering logic that checks your `disableActions` variable. The component \n  should only render if `disableActions` is `false`.\n\n</div>\n\n<div class=\"hint\">\n\n  The existing conditions (like `hasControls`, `hasUpdatedArgs`, `global.CONFIG_TYPE === 'DEVELOPMENT'`) should remain.\n\n</div>\n\n<div class=\"hint\">\n\n  Find the JSX block where `<SaveStory />` is rendered. You'll add a check against your `disableActions` variable (assuming the \n  variable holding the effective state is named `disableActions`):\n  ```javascript\n    {hasControls &&\n        hasUpdatedArgs &&\n        global.CONFIG_TYPE === 'DEVELOPMENT' &&\n        !disableActions && // <-- This is the new condition to add\n        <SaveStory {...{ resetArgs, saveStory, createStory }} />}\n  ```\n\n</div>\n",
          "description_format" : "MD",
          "task_type" : "edu"
        },
        {
          "id" : 1079462557,
          "name" : "step4",
          "custom_name" : "Documenting the New Feature",
          "files" : {
            "task.js" : {
              "name" : "task.js",
              "placeholders" : [ ],
              "is_visible" : true,
              "is_binary" : false
            },
            "test/test.js" : {
              "name" : "test/test.js",
              "placeholders" : [ ],
              "is_visible" : false,
              "is_binary" : false
            }
          },
          "description_text" : "For any new feature to be useful, developers need to know it exists and how to use it. Your task is to add documentation \nfor the new configuration option (disableActions) you've introduced. Explain what it does, its possible values, its \ndefault behavior, and provide a clear example of how a user would enable it in their Storybook setup.\n\n<div class=\"hint\">\n  Locate the Storybook documentation files for addon parameters or Controls configuration.\n</div>\n\n<div class=\"hint\">\n  Follow the existing style for documenting parameters\n</div>\n\n<div class=\"hint\">\n\n  Add a section similar to this in the relevant markdown documentation file:\n  ```\n    ## disableActions\n\n    * Type: `boolean`\n    * Default: `false`\n\n    Disable the ability to create or edit stories from the Controls panel.\n    {/* Add a usage example here */}\n  ```\n\n</div>\n\n\n",
          "description_format" : "MD",
          "task_type" : "edu"
        }
      ],
      "type" : "lesson"
    },
    {
      "id" : 232982457,
      "title" : "debrief",
      "custom_name" : "Debrief",
      "task_list" : [
        {
          "id" : 1174510763,
          "name" : "outro",
          "custom_name" : "Debrief of the Course",
          "files" : {
            "task.js" : {
              "name" : "task.js",
              "placeholders" : [ ],
              "is_visible" : true,
              "is_binary" : false
            }
          },
          "description_text" : "Congratulations on completing the coding part of this course! Let's quickly summarize what you've accomplished:\n\n- You familiarized yourself with a real-world GitHub issue in the Storybook project.\n- You learned about Storybook parameters, TypeScript interfaces, conditional logic, and environment-aware configurations.\n- You successfully modified the Storybook codebase to introduce a new disableActions parameter for the Controls addon.\n- This involved defining the parameter type, accessing and processing it within the relevant component to create an \neffective state, and using this state to conditionally render UI elements.\n- You also drafted documentation for this new feature. This is a significant contribution that enhances the flexibility \nof Storybook for its users!\n\nThe skills you've practiced here – understanding existing codebases, implementing new features based on requirements, \nand documenting your work – are invaluable. We encourage you to continue exploring open-source projects and contributing \nto the developer community.\n\nTo help us improve this course and understand your learning experience better, we kindly ask you to fill out a short survey. \nYour feedback is crucial for our research and for future iterations of this learning module.\n\nThank you for your participation and hard work!",
          "description_format" : "MD",
          "task_type" : "theory"
        }
      ],
      "type" : "lesson"
    }
  ],
  "additional_files" : [
    {
      "name" : "package.json",
      "is_visible" : true,
      "is_binary" : false
    }
  ],
  "version" : 19,
  "edu_plugin_version" : "2025.3-2025.1-186"
}