{
  "course_version" : 1,
  "summary" : "",
  "title" : "Convert Class Component to Function Component",
  "programming_language_id" : "JavaScript",
  "language" : "en",
  "course_type" : "Marketplace",
  "items" : [
    {
      "id" : 695023598,
      "title" : "introduction",
      "custom_name" : "Introduction",
      "task_list" : [
        {
          "id" : 1593221779,
          "name" : "welcome",
          "custom_name" : "Welcome to The Course!",
          "files" : {
            "task.js" : {
              "name" : "task.js",
              "placeholders" : [ ],
              "is_visible" : true,
              "is_binary" : false
            }
          },
          "description_text" : "Welcome to this coding course! In this course, you will learn how to refactor a React component to improve its readability, \nmaintainability, and overall code quality. We'll be tackling a real-world issue from the \n[mattermost repository](https://github.com/mattermost/mattermost), a popular self-hosted collaboration platform.\n**Our main goal** is to implement a new feature inside a real application. We will share the context of the project in\nthe next lesson.\n\n**Please be aware that for research purposes, your progress, interactions, and code submissions within this course will be \nrecorded**. This data will be used to improve future educational experiences. By proceeding with this course, you consent to this data collection.",
          "description_format" : "MD",
          "task_type" : "theory"
        },
        {
          "id" : 1160135604,
          "name" : "first_step",
          "custom_name" : "The First Step",
          "files" : {
            "task.js" : {
              "name" : "task.js",
              "placeholders" : [ ],
              "is_visible" : true,
              "is_binary" : false
            },
            "test/test.js" : {
              "name" : "test/test.js",
              "placeholders" : [ ],
              "is_visible" : false,
              "is_binary" : false
            },
            "config.js" : {
              "name" : "config.js",
              "placeholders" : [ ],
              "is_visible" : false,
              "is_binary" : false
            },
            "runConfigurations/runner.run.xml" : {
              "name" : "runConfigurations/runner.run.xml",
              "placeholders" : [ ],
              "is_visible" : false,
              "is_binary" : false
            }
          },
          "description_text" : "Let's start development with downloading the [mattermost](https://github.com/mattermost/mattermost) repository:\n\n1) Wait for the `npm install` and the file indexing to be done. Once they are finished, press on the `Run` button on the `Task`\n   panel in this task to download the GitHub repository to your laptop\n2) Move to the `Project File` view by clicking on the\n   `Course` drop down menu on the top left\n\n<div class=\"hint\" title=\"Click me to see where the `Course` drop down menu is located\">\n\n![Video showcasing where the project view can be found](../../GetProjectView.gif)\n</div>\n\n3) Wait until the IDE finished to index the new files. Then press the `Check` button to be sure that you did everything right.\n   The tests should pass.\n\nOnce those steps are complete, you are ready to move on to the next task.",
          "description_format" : "MD",
          "task_type" : "edu"
        }
      ],
      "type" : "lesson"
    },
    {
      "id" : 1023548741,
      "title" : "theory",
      "custom_name" : "Theoretical Backgroung",
      "task_list" : [ ],
      "type" : "lesson"
    },
    {
      "id" : 1829284513,
      "title" : "coding",
      "custom_name" : "Step by Step Coding",
      "task_list" : [ ],
      "type" : "lesson"
    },
    {
      "id" : 2109281753,
      "title" : "debrief",
      "custom_name" : "Debriefing the Course",
      "task_list" : [ ],
      "type" : "lesson"
    }
  ],
  "additional_files" : [
    {
      "name" : "package.json",
      "is_visible" : true,
      "is_binary" : false
    },
    {
      "name" : "package-lock.json",
      "is_visible" : true,
      "is_binary" : false
    },
    {
      "name" : "GetProjectView.gif",
      "is_visible" : true,
      "is_binary" : true
    }
  ],
  "version" : 20,
  "edu_plugin_version" : "2025.5-2025.1-882"
}