{
  "course_version" : 1,
  "summary" : "",
  "title" : "OSS Onboarding",
  "programming_language_id" : "JavaScript",
  "language" : "en",
  "course_type" : "Marketplace",
  "items" : [
    {
      "title" : "mattermost_issue",
      "custom_name" : "OSS Onboarding",
      "task_list" : [
        {
          "id" : 122663331,
          "name" : "issue_understanding",
          "custom_name" : "Understanding the Issue",
          "files" : {
            "task.js" : {
              "name" : "task.js",
              "placeholders" : [ ],
              "is_visible" : true,
              "is_binary" : false
            }
          },
          "description_text" : "\r\n# Mattemost Issue #26238\r\n\r\nYour task in this course is to improve the \"mattermost\" project. Mattermost is an open source platform for secure \r\ncollaboration across the entire software development lifecycle. The improvement you will tackle on is describe in the \r\nfollowing issue description:\r\n\r\n```text\r\nWe want to move most of our codebase from Class Components to Function Components. This decision is based on React \r\nrecommendations.\r\nThe task is to update the component to be a functional component, without any difference in functionality. Also, all \r\nrelated tests that fail may need refactoring.\r\nIf the tests do not work because they rely on the behavior of Class Components they also have to be migrated to functionally \r\ntest the same behavior. We prefer the use of react-testing-library for new tests, but it is not required.\r\n```\r\n\r\nYou can find the entire issue description when clicking on the following link [Class Component Issue](https://github.com/mattermost/mattermost/issues/26205).\r\n\r\nLet us break down the issue together. Your main task is to convert the class component in the modals.test.jsx file to a \r\nfunctional component, without making any changes to its functionality. This change might lead to tests not functioning \r\nproperly. If the reason to this behavior is identified as being the reliance of behaviors from class components, you will also \r\nhave to refactor those tests. Therefore, we end up having the following TODO list:\r\n\r\n- [ ] Understanding how to change a Class Component into a Function Component\r\n- [ ] Change the component in the modals.test.jsx file\r\n- [ ] Check if the tests are reliant on class component's behaviors, and that this is the reason for them not being passed\r\n- [ ] Refactor the necessary tests\r\n\r\nWe wish you all the best while solving this exercise! You can now move to the next page, which is a quick explanation \r\nabout what the React Recommendations are and how they affect this course. If you feel like you already know all of this, \r\nyou can skip this task and move to the third task and answer the small quiz about Class and Function Components.",
          "description_format" : "MD",
          "task_type" : "theory"
        },
        {
          "choiceOptions" : [
            {
              "text" : "Correct",
              "status" : "CORRECT"
            },
            {
              "text" : "Incorrect",
              "status" : "INCORRECT"
            }
          ],
          "isMultipleChoice" : false,
          "name" : "component_question",
          "custom_name" : "Class Components vs Function Components",
          "files" : {
            "task.js" : {
              "name" : "task.js",
              "placeholders" : [ ],
              "is_visible" : true,
              "is_binary" : false
            }
          },
          "description_text" : "# Class Components vs Function Components\r\n\r\nReact, a popular JavaScript library for building user interfaces, has seen a significant shift in its recommended component \r\nstructure. Initially, Class Components were the primary way to create dynamic and interactive UI elements. However, with \r\nthe introduction of Hooks, Function Components have gained prominence and are now the preferred approach for most use \r\ncases due to their simplicity and improved code organization.\r\n\r\n## Class Components\r\n\r\nClass Components in React are built using JavaScript classes that inherit from the React.Component class. These components \r\nare capable of maintaining their own internal data, known as their state. This state can change over time, and when it \r\ndoes, the component can re-render its user interface to reflect the updated data. Class Components also have a special \r\nrender() method, which is responsible for describing what the component should display on the screen, typically by \r\nreturning JSX. A key characteristic of Class Components is their ability to manage and update their own data, making \r\nthem suitable for creating dynamic and interactive parts of an application. While they offer a structured way to \r\norganize component logic, they can sometimes result in more code compared to their functional counterparts.\r\n\r\n```javascript\r\nimport React from 'react';\r\n\r\nclass ClassComponent extends React.Component {\r\n    constructor(props) {\r\n        super(props);\r\n        this.state = { count: 0 };\r\n    }\r\n\r\n    incrementCount = () => {\r\n        this.setState({ count: this.state.count + 1 });\r\n    };\r\n\r\n    render() {\r\n        return (\r\n            <div>\r\n                <h1>Hello, {this.props.name}!</h1>\r\n                <p>Count: {this.state.count}</p>\r\n                <button onClick={this.incrementCount}>Increment</button>\r\n            </div>\r\n        );\r\n    }\r\n}\r\n\r\nexport default ClassComponent;\r\n```\r\n\r\n## Function Components\r\nFunction Components, on the other hand, are essentially JavaScript functions that return JSX (a syntax extension for \r\nJavaScript that resembles HTML). Before the introduction of Hooks in React 16.8, Function Components were primarily used \r\nfor simpler, stateless components that only received and rendered data. With the advent of Hooks, Function Components \r\ngained the ability to manage state, handle side effects (like data fetching), and access other React features that were \r\npreviously exclusive to Class Components. The main advantages of Function Components with Hooks are their conciseness, \r\nimproved readability, and easier logic reuse through custom Hooks. They also tend to perform slightly better in some \r\nscenarios due to their simpler nature.\r\n\r\n```javascript\r\nimport React, { useState } from 'react';\r\n\r\nfunction FunctionComponent(props) {\r\n    const [count, setCount] = useState(0);\r\n\r\n    const incrementCount = () => {\r\n        setCount(count + 1);\r\n    };\r\n\r\n    return (\r\n        <div>\r\n            <h1>Hi, {props.name}!</h1>\r\n            <p>Count: {count}</p>\r\n            <button onClick={incrementCount}>Increment</button>\r\n        </div>\r\n    );\r\n}\r\n\r\nexport default FunctionComponent;\r\n```\r\n\r\n## Summary\r\nNowadays, Function Components are a standard in the industry, as they perform better than the class components. Since\r\nFunctional Components are stateless, users would usually use Class Components when they needed stateful ones. However,\r\nReact now allows Functional Components to be stateful with the help of hooks. This enabled a shift towards using Function \r\nComponents, as they are more concise and allowed better code organization.\r\n\r\nIf you want to read more about this topic, here are some links that can help you further:\r\n\r\n- [Class Components + How to migrate from Class to Function Component](https://react.dev/reference/react/Component)\r\n- [Function Component](https://react.dev/learn/your-first-component)\r\n",
          "description_format" : "MD",
          "task_type" : "choice",
          "id" : 545610437
        },
        {
          "id" : 1356214394,
          "name" : "code_change",
          "custom_name" : "Refactoring the Component",
          "files" : {
            "modals.test.jsx" : {
              "name" : "modals.test.jsx",
              "placeholders" : [ ],
              "is_visible" : true,
              "is_binary" : false
            },
            "test/test.js" : {
              "name" : "test/test.js",
              "placeholders" : [ ],
              "is_visible" : false,
              "is_binary" : false
            },
            "utils/constants.tsx" : {
              "name" : "utils/constants.tsx",
              "placeholders" : [ ],
              "is_visible" : true,
              "is_binary" : false
            },
            "mattermost-redux/key_mirror.ts" : {
              "name" : "mattermost-redux/key_mirror.ts",
              "placeholders" : [ ],
              "is_visible" : true,
              "is_binary" : false
            },
            "actions/views/modals.ts" : {
              "name" : "actions/views/modals.ts",
              "placeholders" : [ ],
              "is_visible" : true,
              "is_binary" : false
            },
            "types/actions.ts" : {
              "name" : "types/actions.ts",
              "placeholders" : [ ],
              "is_visible" : true,
              "is_binary" : false
            },
            "tests/test_store.tsx" : {
              "name" : "tests/test_store.tsx",
              "placeholders" : [ ],
              "is_visible" : true,
              "is_binary" : false
            },
            "tests/helpers/intl-test-helper.tsx" : {
              "name" : "tests/helpers/intl-test-helper.tsx",
              "placeholders" : [ ],
              "is_visible" : true,
              "is_binary" : false
            }
          },
          "description_text" : "# Converting the Component\r\n\r\nYour task now is to convert the TestModal Component from  Class Component into a Function Component. There should be \r\nno difference in functionality between your solution and the already provided code.\r\n\r\nThe steps for this task entail:\r\n\r\n- Understanding which parts need to be refactored \r\n- Refactor the code\r\n- Check for any changes in functionality\r\n\r\nOnce you're done with this part, you can move on to the second task about testing.\r\n\r\n<div class=\"hint\">\r\n  The change necessary is only about the component part. Any other part of the code shouldn't be changed.\r\n</div>\r\n\r\n<div class=\"hint\">\r\n  What is the main difference between Class and Function Components syntactically? Go back to the Class Component vs. \r\n  Function Component task\r\n</div>\r\n",
          "description_format" : "MD",
          "task_type" : "edu"
        },
        {
          "id" : 352503794,
          "name" : "testing_task",
          "custom_name" : "Checking the Tests",
          "files" : {
            "modals.test.jsx" : {
              "name" : "modals.test.jsx",
              "placeholders" : [ ],
              "is_visible" : true,
              "is_binary" : false
            },
            "test/test.js" : {
              "name" : "test/test.js",
              "placeholders" : [ ],
              "is_visible" : false,
              "is_binary" : false
            },
            "mattermost-redux/key_mirror.ts" : {
              "name" : "mattermost-redux/key_mirror.ts",
              "placeholders" : [ ],
              "is_visible" : true,
              "is_binary" : false
            },
            "utils/constants.tsx" : {
              "name" : "utils/constants.tsx",
              "placeholders" : [ ],
              "is_visible" : true,
              "is_binary" : false
            },
            "actions/views/modals.ts" : {
              "name" : "actions/views/modals.ts",
              "placeholders" : [ ],
              "is_visible" : true,
              "is_binary" : false
            },
            "types/actions.ts" : {
              "name" : "types/actions.ts",
              "placeholders" : [ ],
              "is_visible" : true,
              "is_binary" : false
            },
            "tests/test_store.tsx" : {
              "name" : "tests/test_store.tsx",
              "placeholders" : [ ],
              "is_visible" : true,
              "is_binary" : false
            }
          },
          "description_text" : "\r\n# Testing the Changes\r\n\r\nNow that you've successfully refactored the component, you now have to check if all the test work as intended. Therefore, \r\nwe have to ensure that no test is reliant on the inherent behavior of Class Components. Your task is to rewrite the tests \r\nif necessary. \r\n\r\nThe task can be split into the following steps:\r\n\r\n- Check if any tests don't pass\r\n- Understand why the tests don't pass\r\n- Refactor the tests to make them independent of the components behavior\r\n\r\n<div class=\"hint\">\r\n  Run the tests first to notice if any of them don't pass.\r\n</div>\r\n",
          "description_format" : "MD",
          "task_type" : "edu"
        }
      ],
      "type" : "framework",
      "id" : 314585040
    }
  ],
  "additional_files" : [
    {
      "name" : "package.json",
      "is_visible" : true,
      "is_binary" : false
    }
  ],
  "version" : 19,
  "edu_plugin_version" : "2025.2-2024.3-1399"
}