{
  "course_version" : 1,
  "summary" : "<p>This course tests the pipeline presented by the PeachLab to automatically create courses.</p>",
  "title" : "Improve Responsiveness of Publish Button Dropdown",
  "programming_language_id" : "JavaScript",
  "language" : "en",
  "course_type" : "Marketplace",
  "items" : [
    {
      "id" : 798286385,
      "title" : "introduction",
      "custom_name" : "Introduction",
      "task_list" : [
        {
          "id" : 977215174,
          "name" : "welcome",
          "custom_name" : "Welcome to The Course!",
          "files" : {
            "task.js" : {
              "name" : "task.js",
              "placeholders" : [ ],
              "is_visible" : true,
              "is_binary" : false
            }
          },
          "description_text" : "Welcome!  In this course, you'll dive into the world of open-source development by tackling a real-world\nissue in [Decap CMS](https://github.com/decaporg/decap-cms), a popular open-source content management system.\n**Our main goal** is to implement a new feature inside a real application. We will share the context of the project in \nthe next lesson.\n\n**Please be aware that for research purposes, your progress, interactions, and code submissions within this course will be\nrecorded.** This data will be used to improve future educational experiences. By proceeding with this course, you consent\nto this data collection.\n\n",
          "description_format" : "MD",
          "task_type" : "theory"
        },
        {
          "id" : 674934510,
          "name" : "first_step",
          "custom_name" : "The First Step",
          "files" : {
            "task.js" : {
              "name" : "task.js",
              "placeholders" : [ ],
              "is_visible" : true,
              "is_binary" : false
            },
            "test/test.js" : {
              "name" : "test/test.js",
              "placeholders" : [ ],
              "is_visible" : false,
              "is_binary" : false
            },
            "config.js" : {
              "name" : "config.js",
              "placeholders" : [ ],
              "is_visible" : false,
              "is_binary" : false
            },
            "runConfigurations/runner.run.xml" : {
              "name" : "runConfigurations/runner.run.xml",
              "placeholders" : [ ],
              "is_visible" : false,
              "is_binary" : false
            }
          },
          "description_text" : "Let's start development with downloading the [decap-cms](https://github.com/decaporg/decap-cms) repository:\n\n1) Wait for the `npm install` and the file indexing to be done. Once they are finished, press on the `Run` button on the `Task`\npanel in this task to download the GitHub repository to your laptop\n   2) Move to the `Project File` view by clicking on the\n      `Course` drop down menu on the top left\n\n<div class=\"hint\" title=\"Click me to see where the `Course` drop down menu is located\">\n\n![Video showcasing where the project view can be found](../../GetProjectView.gif)\n</div>\n\n3) Wait until the IDE finished to index the new files. Then press the `Check` button to be sure that you did everything right. \nThe tests should pass.\n\nOnce those steps are complete, you are ready to move on to the next task.",
          "description_format" : "MD",
          "task_type" : "edu"
        }
      ],
      "type" : "lesson"
    },
    {
      "id" : 698813644,
      "title" : "theory",
      "custom_name" : "Theoretical Background",
      "task_list" : [
        {
          "id" : 769461837,
          "name" : "task1",
          "custom_name" : "Understanding React Functional Components and Props",
          "files" : {
            "task.js" : {
              "name" : "task.js",
              "placeholders" : [ ],
              "is_visible" : true,
              "is_binary" : false
            }
          },
          "description_text" : "The Decap CMS codebase uses React functional components as fundamental building blocks for its user interface. These \ncomponents are JavaScript functions that accept data, known as \"props,\" and return descriptions of what should be displayed \non the screen. Understanding how these components are structured and how they receive and use props is essential for making \nmodifications or introducing new elements to the UI.\n\n### Further Reading\n- [React Documentation: Your First Component](https://react.dev/learn/your-first-component)\n- [React Documentation: Passing Props to a Component](https://react.dev/learn/passing-props-to-a-component)",
          "description_format" : "MD",
          "task_type" : "theory"
        },
        {
          "id" : 1067200767,
          "name" : "task2",
          "custom_name" : "Understanding Styled Components for UI Styling",
          "files" : {
            "task.js" : {
              "name" : "task.js",
              "placeholders" : [ ],
              "is_visible" : true,
              "is_binary" : false
            }
          },
          "description_text" : "Decap CMS employs a library called \"styled-components\" to manage the styling of its React components. This approach allows \ndevelopers to write CSS directly within their JavaScript code, associating styles with specific components. This method \nhelps in keeping styles encapsulated and improves the organization and maintainability of the codebase. Recognizing how \nstyles are applied to components is important when you need to introduce new UI elements or alter the appearance of \nexisting ones.\n\n\n### Further Reading\n- [Styled-Components Documentation](https://styled-components.com/docs}{styled-components)\n- [Smashing Magazine: A Comprehensive Guide to Styled Components](https://www.smashingmagazine.com/2020/07/styled-components-react/)\n",
          "description_format" : "MD",
          "task_type" : "theory"
        },
        {
          "id" : 617462199,
          "name" : "task3",
          "custom_name" : "Exploring Event Handling in React",
          "files" : {
            "task.js" : {
              "name" : "task.js",
              "placeholders" : [ ],
              "is_visible" : true,
              "is_binary" : false
            }
          },
          "description_text" : "In React, user interactions, such as clicking a button or selecting an item, are typically handled using the `onClick` \nprop. When an element with an `onClick` handler is interacted with, the function assigned to this prop is executed. \nUnderstanding how to define and use these event handlers is crucial for making UI elements interactive. For the \n\"Duplicate\" functionality, you'll need an event handler that triggers the duplication process when the user selects \nthe \"Duplicate\" option.\n\n\n### Further Reading\n- [React Documentation: Responding to Events](https://react.dev/learn/responding-to-events)\n",
          "description_format" : "MD",
          "task_type" : "theory"
        }
      ],
      "type" : "lesson"
    },
    {
      "id" : 1060031509,
      "title" : "coding",
      "custom_name" : "Step By Step Coding",
      "task_list" : [
        {
          "id" : 485671524,
          "name" : "task_description",
          "custom_name" : "Task Description",
          "files" : {
            "task.js" : {
              "name" : "task.js",
              "placeholders" : [ ],
              "is_visible" : true,
              "is_binary" : false
            }
          },
          "description_text" : "In this exercise, you will work on the `decap-cms`, a Git-based CMS for Static Site Generators. You need to address a UI \nissue with the 'Publish' button dropdown in the CMS interface, which is unresponsive when switching to the French locale. \nThe text in the dropdown options is also cropped. \n\n**Task:** - Modify the CSS properties of the dropdown that appears when clicking the 'Publish' button to ensure it is \nresponsive. The dropdown should either adapt its width to fit the content or have a larger minimum width to accommodate \nall potential text options in different languages. To reproduce the issue, change the locale to French in `config.yml`, \nnavigate to publish a post, and observe the dropdown behavior. Your goal is to enhance the aesthetics and overall user \nexperience of the CMS when publishing posts in different languages.",
          "description_format" : "MD",
          "task_type" : "theory"
        },
        {
          "id" : 1573904054,
          "name" : "step1",
          "custom_name" : "First Step",
          "files" : {
            "task.js" : {
              "name" : "task.js",
              "placeholders" : [ ],
              "is_visible" : true,
              "is_binary" : false
            },
            "test/test.js" : {
              "name" : "test/test.js",
              "placeholders" : [ ],
              "is_visible" : false,
              "is_binary" : false
            }
          },
          "description_text" : "Define a styled component for consistent styling of dropdown items with an initial minimum width.",
          "description_format" : "MD",
          "task_type" : "edu"
        },
        {
          "id" : 2035063246,
          "name" : "step2",
          "custom_name" : "Step 2",
          "files" : {
            "task.js" : {
              "name" : "task.js",
              "placeholders" : [ ],
              "is_visible" : true,
              "is_binary" : false
            },
            "test/test.js" : {
              "name" : "test/test.js",
              "placeholders" : [ ],
              "is_visible" : false,
              "is_binary" : false
            }
          },
          "description_text" : "Adjust the width of the dropdown for better visual presentation of publish options.",
          "description_format" : "MD",
          "task_type" : "edu"
        },
        {
          "id" : 1652572043,
          "name" : "step3",
          "custom_name" : "Last Step",
          "files" : {
            "task.js" : {
              "name" : "task.js",
              "placeholders" : [ ],
              "is_visible" : true,
              "is_binary" : false
            },
            "test/test.js" : {
              "name" : "test/test.js",
              "placeholders" : [ ],
              "is_visible" : false,
              "is_binary" : false
            }
          },
          "description_text" : "Refactor code to use the new styled component for dropdown items in multiple instances.",
          "description_format" : "MD",
          "task_type" : "edu"
        }
      ],
      "type" : "lesson"
    },
    {
      "id" : 1519552748,
      "title" : "debrief",
      "custom_name" : "Debriefing the Course",
      "task_list" : [
        {
          "id" : 790166450,
          "name" : "task1",
          "custom_name" : "Course Summary and Next Steps",
          "files" : {
            "task.js" : {
              "name" : "task.js",
              "placeholders" : [ ],
              "is_visible" : true,
              "is_binary" : false
            }
          },
          "description_text" : "Congratulations on completing this coding course!\n\nYou have now gained a deeper understanding of how to approach adding a new feature, specifically a \"Duplicate\" \nfunctionality, to the Decap CMS editor interface. You've explored fundamental React concepts, considered UI styling, \nand learned how to implement interactive elements. You've also thought about the connection between front-end interactions \nand the necessary backend logic.\n\nYour dedication to learning and problem-solving is commendable. To help us refine this course and create even better \nlearning experiences in the future, we would greatly appreciate it if you could take a few minutes to fill out a short \nsurvey about your experience. Your feedback is invaluable! The survey can be found in the task tracker on the sidebar.\n\nThank you for your participation and valuable contribution!",
          "description_format" : "MD",
          "task_type" : "theory"
        }
      ],
      "type" : "lesson"
    }
  ],
  "additional_files" : [
    {
      "name" : "package.json",
      "is_visible" : true,
      "is_binary" : false
    },
    {
      "name" : "GetProjectView.gif",
      "is_visible" : true,
      "is_binary" : true
    }
  ],
  "version" : 20,
  "edu_plugin_version" : "2025.5-2025.1-882"
}